chain,date,total,above_100m,below_100m,coverage,unknown_share,boundary_share,mode,classified_with
ethereum,2026-07-16,1108727808.7,888904429.3107427,219823379.3892573,0.8141,0.0026,0.0098,estimate,snapshot:2026-09-15
ethereum,2026-07-17,1126996928.24,910875435.294899,216121492.94510102,0.8333,0.0067,0.0148,estimate,snapshot:2026-09-15
ethereum,2026-07-18,565117799.6499999,425584533.87138087,139533265.778619,0.8318,0.0791,0.0096,estimate,snapshot:2026-09-15
ethereum,2026-07-19,476996412.75,354007068.3378311,122989344.41216892,0.8446,0.0948,0.0175,estimate,snapshot:2026-09-15
ethereum,2026-07-20,1027467345.99,812140293.9155042,215327052.0744958,0.8542,0.0526,0.0165,estimate,snapshot:2026-09-15
ethereum,2026-07-21,1183125182.28,955150005.5513594,227975176.72864056,0.8271,0.0019,0.0272,estimate,snapshot:2026-09-15
ethereum,2026-07-22,926439312.76,773929641.834774,152509670.92522597,0.8549,0.0034,0.0176,estimate,snapshot:2026-09-15
ethereum,2026-07-23,917700126.35,722341184.7832253,195358941.56677473,0.8050,0.0067,0.0135,estimate,snapshot:2026-09-15
ethereum,2026-07-24,1060730186.6800001,811959511.3198516,248770675.36014843,0.7796,0.0023,0.0131,estimate,snapshot:2026-09-15
ethereum,2026-07-25,422260512.74999994,292515944.3216606,129744568.42833936,0.7183,0.0009,0.0249,estimate,snapshot:2026-09-15
ethereum,2026-07-26,512100424.63,368586519.38195217,143513905.24804783,0.7659,0.0343,0.0252,estimate,snapshot:2026-09-15
ethereum,2026-07-27,1072892424.7500001,870751058.2485619,202141366.50143826,0.8652,0.0375,0.0162,estimate,snapshot:2026-09-15
ethereum,2026-07-28,1031113192.17,850886857.4022208,180226334.7677791,0.8792,0.0411,0.0151,estimate,snapshot:2026-09-15
ethereum,2026-07-29,1131511403.92,845772318.4847585,285739085.4352416,0.7855,0.0302,0.0160,estimate,snapshot:2026-09-15
ethereum,2026-07-30,1026733994.9599999,814414780.1284872,212319214.8315127,0.8299,0.0334,0.0124,estimate,snapshot:2026-09-15
ethereum,2026-07-31,935034029.83,714410413.9837589,220623615.84624112,0.8084,0.0475,0.0061,estimate,snapshot:2026-09-15
ethereum,2026-08-01,530949443.59999996,382039432.73777497,148910010.862225,0.7950,0.0727,0.0185,estimate,snapshot:2026-09-15
ethereum,2026-08-02,550048386.9300001,414650649.67001987,135397737.2599802,0.8376,0.0848,0.0120,estimate,snapshot:2026-09-15
ethereum,2026-08-03,778802603.1700002,533887770.7389531,244914832.43104708,0.7576,0.0667,0.0315,estimate,snapshot:2026-09-15
ethereum,2026-08-04,834910714.1199999,618282735.7921934,216627978.32780647,0.7897,0.0421,0.0159,estimate,snapshot:2026-09-15
ethereum,2026-08-05,1007747752,745319670.5749948,262428081.4250052,0.7901,0.0452,0.0138,estimate,snapshot:2026-09-15
ethereum,2026-08-06,1083367120.99,784946069.5318904,298421051.4581096,0.7682,0.0427,0.0144,estimate,snapshot:2026-09-15
ethereum,2026-08-07,1018874001.48,783357549.0583044,235516452.4216956,0.8194,0.0425,0.0197,estimate,snapshot:2026-09-15
ethereum,2026-08-08,500010347.79,347461695.9537846,152548651.83621544,0.7900,0.0876,0.0113,estimate,snapshot:2026-09-15
ethereum,2026-08-09,421656989.9,298973956.700412,122683033.199588,0.8359,0.1211,0.0228,estimate,snapshot:2026-09-15
ethereum,2026-08-10,971103595.36,767546782.2980306,203556813.0619694,0.8428,0.0486,0.0145,estimate,snapshot:2026-09-15
ethereum,2026-08-11,847781857.83,664478653.6136533,183303204.21634674,0.8379,0.0547,0.0102,estimate,snapshot:2026-09-15
ethereum,2026-08-12,856217374.13,676370990.3192569,179846383.8107431,0.8480,0.0538,0.0130,estimate,snapshot:2026-09-15
ethereum,2026-08-13,901164282.6800001,694825262.2935339,206339020.38646615,0.8257,0.0520,0.0139,estimate,snapshot:2026-09-15
ethereum,2026-08-14,891050749.15,703653680.9272692,187397068.22273076,0.8514,0.0551,0.0195,estimate,snapshot:2026-09-15
ethereum,2026-08-15,339369290.21000004,229051921.0649532,110317369.14504683,0.8182,0.1355,0.0432,estimate,snapshot:2026-09-15
ethereum,2026-08-16,368023558.51,265151562.84282416,102871995.66717583,0.8368,0.1227,0.0204,estimate,snapshot:2026-09-15
ethereum,2026-08-17,704798791.8899999,586738601.6118762,118060190.27812362,0.8865,0.0381,0.0240,estimate,snapshot:2026-09-15
ethereum,2026-08-18,686683902.4899999,550701829.6017839,135982072.88821602,0.8186,0.0015,0.0179,estimate,snapshot:2026-09-15
ethereum,2026-08-19,2090873478.73,1612664859.4456742,478208619.28432584,0.7943,0.0057,0.0094,estimate,snapshot:2026-09-15
ethereum,2026-08-20,1840488924.38,1546432524.4077117,294056399.97228837,0.8562,0.0050,0.0071,estimate,snapshot:2026-09-15
ethereum,2026-08-21,2539528397.49,2029444983.6145594,510083413.87544036,0.8169,0.0060,0.0090,estimate,snapshot:2026-09-15
ethereum,2026-08-22,1479745430.04,1108362307.821783,371383122.2182169,0.7929,0.0324,0.0164,estimate,snapshot:2026-09-15
ethereum,2026-08-23,1225087962.8899999,854492038.4622283,370595924.42777157,0.8093,0.1034,0.0139,estimate,snapshot:2026-09-15
ethereum,2026-08-24,1655870690.3799999,1148592265.0147016,507278425.3652983,0.7447,0.0534,0.0095,estimate,snapshot:2026-09-15
ethereum,2026-08-25,1774006502.0700002,1213416313.277408,560590188.7925923,0.7328,0.0493,0.0109,estimate,snapshot:2026-09-15
ethereum,2026-08-26,1181365099.92,808461077.7919543,372904022.1280458,0.7801,0.1080,0.0119,estimate,snapshot:2026-09-15
ethereum,2026-08-27,1919263527.8500001,1394925780.7271926,524337747.1228075,0.7825,0.0422,0.0257,estimate,snapshot:2026-09-15
ethereum,2026-08-28,1968467450.1699998,1336684386.8752923,631783063.2947075,0.7204,0.0452,0.0108,estimate,snapshot:2026-09-15
ethereum,2026-08-29,1072570970.54,613463585.1970841,459107385.3429159,0.6482,0.0866,0.0286,estimate,snapshot:2026-09-15
ethereum,2026-08-30,941883874.3399999,582755060.2418084,359128814.0981915,0.7299,0.1283,0.0205,estimate,snapshot:2026-09-15
ethereum,2026-08-31,1301508660.0500002,827400889.5905073,474107770.4594929,0.6818,0.0463,0.0164,estimate,snapshot:2026-09-15
ethereum,2026-09-01,1378941924.5200002,976059591.9325062,402882332.587494,0.7666,0.0587,0.0129,estimate,snapshot:2026-09-15
ethereum,2026-09-02,1315952749.67,1032792413.2228416,283160336.44715846,0.8435,0.0556,0.0102,estimate,snapshot:2026-09-15
ethereum,2026-09-03,1577940785.69,1143485223.192847,434455562.49715304,0.7534,0.0198,0.0104,estimate,snapshot:2026-09-15
ethereum,2026-09-04,1593867774.7800002,1094638573.564922,499229201.2150781,0.7417,0.0539,0.0121,estimate,snapshot:2026-09-15
ethereum,2026-09-05,834576999.79,488522919.9443895,346054079.84561044,0.6713,0.1083,0.0167,estimate,snapshot:2026-09-15
ethereum,2026-09-06,910785408.07,565031902.0807598,345753505.9892403,0.7401,0.1451,0.0119,estimate,snapshot:2026-09-15
ethereum,2026-09-07,1300081559.96,748263427.1312283,551818132.8287717,0.6719,0.1284,0.0109,estimate,snapshot:2026-09-15
ethereum,2026-09-08,1357974673.19,902310510.3237839,455664162.8662162,0.7291,0.0782,0.0072,estimate,snapshot:2026-09-15
ethereum,2026-09-09,1356518785.1299999,964524467.6438103,391994317.4861896,0.8036,0.0985,0.0133,estimate,snapshot:2026-09-15
ethereum,2026-09-10,1415562305.72,1025095279.9991192,390467025.72088087,0.7665,0.0348,0.0151,estimate,snapshot:2026-09-15
ethereum,2026-09-11,1832527634.86,1201312366.3200357,631215268.5399642,0.6829,0.0158,0.0149,estimate,snapshot:2026-09-15
ethereum,2026-09-12,577758227.55,335146655.5635533,242611571.98644668,0.6398,0.0089,0.0436,estimate,snapshot:2026-09-15
ethereum,2026-09-13,754692196.76,432768967.4011785,321923229.3588215,0.6419,0.0396,0.0460,estimate,snapshot:2026-09-15
ethereum,2026-09-14,1320363843.0700002,936991367.372935,383372475.6970651,0.8025,0.0863,0.0173,estimate,snapshot:2026-09-15
solana,2026-07-16,1542660671.16,379596536.9305722,1163064134.2294278,0.2465,0.0003,0.0441,estimate,snapshot:2026-09-15
solana,2026-07-17,1418836847.75,328856806.9208807,1089980040.8291192,0.2324,0.0001,0.0596,estimate,snapshot:2026-09-15
solana,2026-07-18,1303497616.08,176662734.60688257,1126834881.4731174,0.1362,0.0033,0.0658,estimate,snapshot:2026-09-15
solana,2026-07-19,1417998314.2,247992773.92560443,1170005540.2743957,0.1750,0.0000,0.0528,estimate,snapshot:2026-09-15
solana,2026-07-20,1985177787.9099998,448255591.75685394,1536922196.1531458,0.2283,0.0000,0.0556,estimate,snapshot:2026-09-15
solana,2026-07-21,1552390947.31,303917205.60655624,1248473741.7034438,0.1983,0.0000,0.0809,estimate,snapshot:2026-09-15
solana,2026-07-22,1767271659.8799999,365393172.4722102,1401878487.4077897,0.2073,0.0000,0.0493,estimate,snapshot:2026-09-15
solana,2026-07-23,1616428026.72,341938192.65909594,1274489834.060904,0.2129,0.0000,0.0550,estimate,snapshot:2026-09-15
solana,2026-07-24,1623052660.94,257222491.48105615,1365830169.4589438,0.1591,0.0000,0.0633,estimate,snapshot:2026-09-15
solana,2026-07-25,1066541939.9,129992239.23402844,936549700.6659715,0.1232,0.0000,0.1017,estimate,snapshot:2026-09-15
solana,2026-07-26,1225930127.17,210539162.16610262,1015390965.0038974,0.1942,0.0000,0.1794,estimate,snapshot:2026-09-15
solana,2026-07-27,1874857617.14,397220997.4322324,1477636619.7077677,0.2221,0.0000,0.0991,estimate,snapshot:2026-09-15
solana,2026-07-28,1759353963.1499999,344062536.0729815,1415291427.0770183,0.1995,0.0000,0.0823,estimate,snapshot:2026-09-15
solana,2026-07-29,2020016584.16,405529207.61130494,1614487376.548695,0.2030,0.0000,0.0593,estimate,snapshot:2026-09-15
solana,2026-07-30,1613982015.25,301742078.6599893,1312239936.5900106,0.1908,0.0107,0.0661,estimate,snapshot:2026-09-15
solana,2026-07-31,1726152519.08,295952083.23595643,1430200435.8440435,0.1735,0.0000,0.0659,estimate,snapshot:2026-09-15
solana,2026-08-01,1319380101.65,167981701.59762183,1151398400.0523782,0.1327,0.0000,0.1129,estimate,snapshot:2026-09-15
solana,2026-08-02,1364864992.96,203300753.42880565,1161564239.5311944,0.1606,0.0000,0.1207,estimate,snapshot:2026-09-15
solana,2026-08-03,1756482483.88,286791682.6288682,1469690801.251132,0.1987,0.0006,0.2253,estimate,snapshot:2026-09-15
solana,2026-08-04,1783413450.9299998,354256485.04581153,1429156965.8841882,0.2187,0.0000,0.1285,estimate,snapshot:2026-09-15
solana,2026-08-05,1679131888.91,306112838.32010293,1373019050.5898972,0.1943,0.0002,0.1028,estimate,snapshot:2026-09-15
solana,2026-08-06,1413265760.1799998,257415045.0454635,1155850715.1345363,0.2012,0.0042,0.1582,estimate,snapshot:2026-09-15
solana,2026-08-07,1392769640.02,323332166.29690224,1069437473.7230978,0.2431,0.0000,0.1068,estimate,snapshot:2026-09-15
solana,2026-08-08,1501745432.54,236541253.3185115,1265204179.2214885,0.1639,0.0004,0.0961,estimate,snapshot:2026-09-15
solana,2026-08-09,1353540958.98,256145604.8257293,1097395354.1542706,0.1961,0.0065,0.0750,estimate,snapshot:2026-09-15
solana,2026-08-10,1595343022.19,441227499.7461033,1154115522.4438968,0.2911,0.0302,0.0548,estimate,snapshot:2026-09-15
solana,2026-08-11,1665876015.28,350941226.359824,1314934788.920176,0.2162,0.0047,0.0679,estimate,snapshot:2026-09-15
solana,2026-08-12,1752085985.89,385388050.4399602,1366697935.4500399,0.2886,0.2256,0.0443,estimate,snapshot:2026-09-15
solana,2026-08-13,1959389920.16,383967804.0548597,1575422116.1051404,0.6942,0.7127,0.0193,estimate,snapshot:2026-09-15
solana,2026-08-14,1635934413.56,364940516.83344036,1270993896.7265596,0.2262,0.0000,0.0530,estimate,snapshot:2026-09-15
solana,2026-08-15,1191269074.04,192017049.01143506,999252025.0285649,0.1653,0.0061,0.0782,estimate,snapshot:2026-09-15
solana,2026-08-16,1080008049.95,206914704.71786705,873093345.232133,0.1960,0.0017,0.0753,estimate,snapshot:2026-09-15
solana,2026-08-17,1510989401.3600001,417983680.5094988,1093005720.8505013,0.2816,0.0003,0.0610,estimate,snapshot:2026-09-15
solana,2026-08-18,1883266013.04,407588353.6950806,1475677659.3449194,0.2182,0.0000,0.0391,estimate,snapshot:2026-09-15
solana,2026-08-19,3056588165.95,923780289.4562495,2132807876.4937503,0.3037,0.0000,0.0326,estimate,snapshot:2026-09-15
solana,2026-08-20,2872958165.33,666760941.4259367,2206197223.904063,0.2354,0.0000,0.0663,estimate,snapshot:2026-09-15
solana,2026-08-21,3652051777.22,1064127281.4128939,2587924495.807106,0.2981,0.0000,0.0722,estimate,snapshot:2026-09-15
solana,2026-08-22,3776963020.7,1227233589.6460574,2549729431.0539427,0.3314,0.0000,0.0573,estimate,snapshot:2026-09-15
solana,2026-08-23,2992963928.25,894305111.2192014,2098658817.0307984,0.3174,0.0000,0.0926,estimate,snapshot:2026-09-15
solana,2026-08-24,3043921967.64,941479975.8473885,2102441991.7926114,0.3187,0.0000,0.0630,estimate,snapshot:2026-09-15
solana,2026-08-25,2983178860.19,907582307.8926381,2075596552.2973619,0.3110,0.0000,0.0634,estimate,snapshot:2026-09-15
solana,2026-08-26,2413294236,602831375.1531734,1810462860.8468266,0.2556,0.0000,0.0807,estimate,snapshot:2026-09-15
solana,2026-08-27,3762693440.54,817834365.1995301,2944859075.34047,0.2203,0.0001,0.0588,estimate,snapshot:2026-09-15
solana,2026-08-28,2641507008.2200003,891700802.2114321,1749806206.0085683,0.3442,0.0002,0.0562,estimate,snapshot:2026-09-15
solana,2026-08-29,1705497234.31,379806925.5808693,1325690308.7291307,0.2331,0.0133,0.1033,estimate,snapshot:2026-09-15
solana,2026-08-30,1978451265.74,488321568.57275647,1490129697.1672435,0.2527,0.0048,0.0920,estimate,snapshot:2026-09-15
solana,2026-08-31,2568052237.05,518765583.0949826,2049286653.9550176,0.2046,0.0000,0.0939,estimate,snapshot:2026-09-15
solana,2026-09-01,2231684341.49,518096884.7355374,1713587456.7544622,0.2363,0.0000,0.0966,estimate,snapshot:2026-09-15
solana,2026-09-02,2345533366.32,489958795.3574644,1855574570.9625359,0.2128,0.0027,0.0816,estimate,snapshot:2026-09-15
solana,2026-09-03,2540271271.8,650472011.6089624,1889799260.1910377,0.2601,0.0000,0.0641,estimate,snapshot:2026-09-15
solana,2026-09-04,1934598320,631211835.7253747,1303386484.2746253,0.3348,0.0078,0.0747,estimate,snapshot:2026-09-15
solana,2026-09-05,1914884685.81,394355977.4108513,1520528708.3991487,0.2132,0.0052,0.1270,estimate,snapshot:2026-09-15
solana,2026-09-06,2973439567.4400005,809408942.9980563,2164030624.441944,0.2878,0.0000,0.2277,estimate,snapshot:2026-09-15
solana,2026-09-07,2787720639.66,654335148.3100256,2133385491.3499742,0.2434,0.0000,0.1921,estimate,snapshot:2026-09-15
solana,2026-09-08,2783900569.34,709357606.9011581,2074542962.438842,0.2646,0.0000,0.1763,estimate,snapshot:2026-09-15
solana,2026-09-09,3076287791.63,1048279642.1502054,2028008149.4797947,0.3683,0.0000,0.1825,estimate,snapshot:2026-09-15
solana,2026-09-10,3000992733.0099998,896037785.5486865,2104954947.4613132,0.3184,0.0000,0.1483,estimate,snapshot:2026-09-15
solana,2026-09-11,3278655502.4300003,1142439237.4563794,2136216264.973621,0.3767,0.0019,0.1973,estimate,snapshot:2026-09-15
solana,2026-09-12,1743644853.08,497034526.07031745,1246610327.0096824,0.3144,0.0020,0.2197,estimate,snapshot:2026-09-15
solana,2026-09-13,1790994711.97,480380066.43842053,1310614645.5315795,0.3187,0.0820,0.1879,estimate,snapshot:2026-09-15
solana,2026-09-14,2530223236.85,746694331.8634698,1783528904.98653,0.8680,0.0875,0.0558,estimate,snapshot:2026-09-15
base,2026-07-16,791900416.41,526255105.99830455,265645310.41169542,0.7073,0.0000,0.0102,estimate,snapshot:2026-09-15
base,2026-07-17,972422199.26,618181038.366811,354241160.89318895,0.6715,0.0000,0.0127,estimate,snapshot:2026-09-15
base,2026-07-18,386986024.12000006,249743642.9691214,137242381.15087867,0.7150,0.0000,0.0225,estimate,snapshot:2026-09-15
base,2026-07-19,445733022.54,338687631.33929855,107045391.20070148,0.8135,0.0000,0.0141,estimate,snapshot:2026-09-15
base,2026-07-20,783682108.1299999,672029725.9163002,111652382.2136997,0.9021,0.0000,0.0098,estimate,snapshot:2026-09-15
base,2026-07-21,593808491.62,469929760.58224696,123878731.03775305,0.8479,0.0000,0.0165,estimate,snapshot:2026-09-15
base,2026-07-22,638525375.8,512140427.44004816,126384948.3599518,0.8624,0.0000,0.0121,estimate,snapshot:2026-09-15
base,2026-07-23,611854967.42,461215581.9299645,150639385.49003547,0.8432,0.0000,0.0168,estimate,snapshot:2026-09-15
base,2026-07-24,606474629.5499998,472228625.164347,134246004.38565284,0.8362,0.0000,0.0111,estimate,snapshot:2026-09-15
base,2026-07-25,322577638.92,235259547.00029156,87318091.91970846,0.7938,0.0000,0.0215,estimate,snapshot:2026-09-15
base,2026-07-26,455902031.86,359212395.1244024,96689636.73559761,0.8638,0.0000,0.0136,estimate,snapshot:2026-09-15
base,2026-07-27,843659906.0199999,688184640.5229288,155475265.49707103,0.8768,0.0000,0.0098,estimate,snapshot:2026-09-15
base,2026-07-28,918629330.3499999,621057150.7969192,297572179.5530807,0.7293,0.0001,0.0123,estimate,snapshot:2026-09-15
base,2026-07-29,949934280.78,766347643.6118898,183586637.16811013,0.8606,0.0001,0.0091,estimate,snapshot:2026-09-15
base,2026-07-30,659317780.27,506920327.32294786,152397452.94705212,0.8492,0.0003,0.0116,estimate,snapshot:2026-09-15
base,2026-07-31,844984458.75,555465993.5769384,289518465.1730616,0.7106,0.0003,0.0112,estimate,snapshot:2026-09-15
base,2026-08-01,365600901.5799999,275207553.256239,90393348.32376093,0.8217,0.0005,0.0185,estimate,snapshot:2026-09-15
base,2026-08-02,530756058.98,425137864.291087,105618194.68891305,0.8507,0.0003,0.0131,estimate,snapshot:2026-09-15
base,2026-08-03,732597426.38,544382078.3251765,188215348.05482352,0.7922,0.0002,0.0101,estimate,snapshot:2026-09-15
base,2026-08-04,679583417.7800001,531621008.64035714,147962409.13964295,0.8325,0.0001,0.0102,estimate,snapshot:2026-09-15
base,2026-08-05,682712305.24,555752495.7493731,126959809.49062693,0.8640,0.0001,0.0090,estimate,snapshot:2026-09-15
base,2026-08-06,662419791.85,460224080.19880223,202195711.6511978,0.7425,0.0001,0.0119,estimate,snapshot:2026-09-15
base,2026-08-07,648815253.23,502144864.09215546,146670389.13784456,0.8233,0.0001,0.0110,estimate,snapshot:2026-09-15
base,2026-08-08,233495711.41,138397241.32354754,95098470.08645245,0.6960,0.0002,0.0244,estimate,snapshot:2026-09-15
base,2026-08-09,296646212.24,203464648.94815323,93181563.29184678,0.7701,0.0002,0.0223,estimate,snapshot:2026-09-15
base,2026-08-10,564608992.62,396340342.08494395,168268650.53505605,1.1350,0.0001,0.0083,estimate,snapshot:2026-09-15
base,2026-08-11,493441789.82,380459834.0856156,112981955.73438442,0.9687,0.0001,0.0119,estimate,snapshot:2026-09-15
base,2026-08-12,628471154.44,435467637.7598089,193003516.68019116,0.9793,0.0001,0.0061,estimate,snapshot:2026-09-15
base,2026-08-13,705747982.8599999,413047957.5663098,292700025.2936901,0.9317,0.0001,0.0071,estimate,snapshot:2026-09-15
base,2026-08-14,514464939.61,341313342.7625013,173151596.84749871,0.9898,0.0001,0.0073,estimate,snapshot:2026-09-15
base,2026-08-15,283835824.49,118857785.87048258,164978038.61951745,1.1537,0.0002,0.0098,estimate,snapshot:2026-09-15
base,2026-08-16,431828531.15000004,194803233.624386,237025297.52561402,0.7873,0.0001,0.0150,estimate,snapshot:2026-09-15
base,2026-08-17,628888137.89,420753246.09113365,208134891.79886633,1.0262,0.0001,0.0101,estimate,snapshot:2026-09-15
base,2026-08-18,541447423.73,310755370.1604428,230692053.5695572,1.2030,0.0001,0.0094,estimate,snapshot:2026-09-15
base,2026-08-19,1254558170.33,895172713.3727124,359385456.95728755,0.8312,0.0000,0.0097,estimate,snapshot:2026-09-15
base,2026-08-20,1200495802.35,917275175.9134492,283220626.43655074,1.0183,0.0000,0.0117,estimate,snapshot:2026-09-15
base,2026-08-21,1670574315.4299998,1257208171.736753,413366143.69324684,1.0104,0.0000,0.0135,estimate,snapshot:2026-09-15
base,2026-08-22,1275460467.44,890167074.24625,385293393.19375,0.9247,0.0000,0.0263,estimate,snapshot:2026-09-15
base,2026-08-23,1173244871.6400003,879356898.5254848,293887973.11451554,0.9123,0.0000,0.0167,estimate,snapshot:2026-09-15
base,2026-08-24,1391521493.44,973368578.6917839,418152914.74821615,1.0169,0.0000,0.0105,estimate,snapshot:2026-09-15
base,2026-08-25,1113302891.1200001,765887811.7459891,347415079.37401104,0.8113,0.0000,0.0163,estimate,snapshot:2026-09-15
base,2026-08-26,834854164.63,545269300.1390376,289584864.4909624,1.0877,0.0000,0.0118,estimate,snapshot:2026-09-15
base,2026-08-27,1011829486.2900001,626844099.4989147,384985386.79108536,0.9098,0.0000,0.0114,estimate,snapshot:2026-09-15
base,2026-08-28,1121066921.45,680329960.2762256,440736961.1737745,0.8152,0.0000,0.0093,estimate,snapshot:2026-09-15
base,2026-08-29,505926557.47,193058671.74545923,312867885.7245408,0.7224,0.0001,0.0236,estimate,snapshot:2026-09-15
base,2026-08-30,794761184.3900001,487725892.33524376,307035292.05475634,0.7062,0.0000,0.0172,estimate,snapshot:2026-09-15
base,2026-08-31,878904682.44,521268178.61712503,357636503.822875,0.9980,0.0000,0.0132,estimate,snapshot:2026-09-15
base,2026-09-01,838411804.4999999,521515003.9143051,316896800.5856948,0.8103,0.0000,0.0129,estimate,snapshot:2026-09-15
base,2026-09-02,792226610.18,499337183.12430763,292889427.0556923,1.0283,0.0000,0.0091,estimate,snapshot:2026-09-15
base,2026-09-03,921261954.6100001,580555130.5824196,340706824.0275805,1.0392,0.0002,0.0134,estimate,snapshot:2026-09-15
base,2026-09-04,998006132.42,556093485.1233418,441912647.29665816,0.8756,0.0001,0.0195,estimate,snapshot:2026-09-15
base,2026-09-05,548328301.3799999,257775262.89674708,290553038.48325276,0.9152,0.0002,0.0345,estimate,snapshot:2026-09-15
base,2026-09-06,806725756.4600002,426343681.5158699,380382074.94413024,0.8976,0.0001,0.0224,estimate,snapshot:2026-09-15
base,2026-09-07,904498893.43,454790072.0306746,449708821.3993254,0.8168,0.0003,0.0160,estimate,snapshot:2026-09-15
base,2026-09-08,996964376.01,546525544.6400378,450438831.3699622,0.8717,0.0002,0.0171,estimate,snapshot:2026-09-15
base,2026-09-09,1214724755.94,621431903.2718905,593292852.6681095,0.8157,0.0001,0.0363,estimate,snapshot:2026-09-15
base,2026-09-10,1073071833.6500001,496960533.76318115,576111299.8868189,0.8864,0.0001,0.0212,estimate,snapshot:2026-09-15
base,2026-09-11,1295301206.1200001,780855452.297037,514445753.8229631,0.9206,0.0006,0.0124,estimate,snapshot:2026-09-15
base,2026-09-12,469891676.1,185399394.3105973,284492281.7894027,1.0712,0.0012,0.0170,estimate,snapshot:2026-09-15
base,2026-09-13,621896240.9999999,292676003.3002164,329220237.6997835,1.0313,0.0015,0.0164,estimate,snapshot:2026-09-15
base,2026-09-14,947585767.64,582251955.3107839,365333812.3292161,1.0817,0.0016,0.0120,estimate,snapshot:2026-09-15
bnb,2026-07-16,679831194.13,245886737.7199278,433944456.4100722,0.7243,0.0344,0.1051,estimate,snapshot:2026-09-15
bnb,2026-07-17,720504110.7600001,319199273.6884253,401304837.0715748,0.7383,0.0375,0.0337,estimate,snapshot:2026-09-15
bnb,2026-07-18,779799993.6,276201265.0743558,503598728.52564424,0.7579,0.0315,0.1545,estimate,snapshot:2026-09-15
bnb,2026-07-19,981046634.2900001,263527315.9928086,717519318.2971915,0.5454,0.0333,0.1967,estimate,snapshot:2026-09-15
bnb,2026-07-20,631781794.74,312678629.03540903,319103165.704591,0.7596,0.0425,0.1922,estimate,snapshot:2026-09-15
bnb,2026-07-21,573353649.1800001,226242809.69823495,347110839.48176515,0.6793,0.0497,0.1972,estimate,snapshot:2026-09-15
bnb,2026-07-22,634069982.4499999,253750094.94412276,380319887.50587714,0.6149,0.0556,0.0876,estimate,snapshot:2026-09-15
bnb,2026-07-23,838016231.8900001,337937149.20202714,500079082.68797296,0.6581,0.0367,0.1993,estimate,snapshot:2026-09-15
bnb,2026-07-24,890425531.63,313509923.03960437,576915608.5903957,0.5325,0.0389,0.1394,estimate,snapshot:2026-09-15
bnb,2026-07-25,428095211.44,130560331.05413365,297534880.38586634,0.5589,0.0764,0.1617,estimate,snapshot:2026-09-15
bnb,2026-07-26,600462641.2,173632995.7010377,426829645.49896234,0.4935,0.0561,0.2083,estimate,snapshot:2026-09-15
bnb,2026-07-27,900869184.5300001,292972801.35482234,607896383.1751778,0.5898,0.0353,0.1666,estimate,snapshot:2026-09-15
bnb,2026-07-28,1001587997.27,263495627.71029723,738092369.5597028,0.6257,0.1267,0.1327,estimate,snapshot:2026-09-15
bnb,2026-07-29,1106463643.03,298704124.87556255,807759518.1544374,0.6309,0.0286,0.1647,estimate,snapshot:2026-09-15
bnb,2026-07-30,988056606.0100001,376277335.72292393,611779270.2870762,0.7395,0.0271,0.1642,estimate,snapshot:2026-09-15
bnb,2026-07-31,1079467902.81,370311599.77948654,709156303.0305134,0.6640,0.0411,0.1328,estimate,snapshot:2026-09-15
bnb,2026-08-01,855828978.58,348431061.36274666,507397917.2172534,0.7873,0.0280,0.1437,estimate,snapshot:2026-09-15
bnb,2026-08-02,1274981017.6499999,1037915614.2474294,237065403.4025705,1.0479,0.0141,0.0296,estimate,snapshot:2026-09-15
bnb,2026-08-03,1067800868.91,362997894.18535006,704802974.7246499,0.6330,0.0240,0.1486,estimate,snapshot:2026-09-15
bnb,2026-08-04,1438781940.35,384258793.8048378,1054523146.5451621,0.5269,0.0242,0.2174,estimate,snapshot:2026-09-15
bnb,2026-08-05,1702576416.03,459007517.08729184,1243568898.942708,0.4911,0.0173,0.1367,estimate,snapshot:2026-09-15
bnb,2026-08-06,1568252480.1799998,277558742.5798874,1290693737.6001124,0.5101,0.0180,0.1482,estimate,snapshot:2026-09-15
bnb,2026-08-07,1692015229.5000002,267746338.8365951,1424268890.6634052,0.3915,0.0201,0.1248,estimate,snapshot:2026-09-15
bnb,2026-08-08,719732124.1400001,247594187.04907203,472137937.0909281,0.9769,0.0175,0.1281,estimate,snapshot:2026-09-15
bnb,2026-08-09,741496160.1099999,275138346.1222061,466357813.9877938,0.9778,0.0188,0.1392,estimate,snapshot:2026-09-15
bnb,2026-08-10,1104412948,304149031.8850597,800263916.1149403,0.7079,0.0172,0.1722,estimate,snapshot:2026-09-15
bnb,2026-08-11,849943336.67,282458012.7010631,567485323.9689369,0.8989,0.0164,0.1600,estimate,snapshot:2026-09-15
bnb,2026-08-12,791550674.6199999,293217568.18119407,498333106.4388058,0.8828,0.0157,0.1012,estimate,snapshot:2026-09-15
bnb,2026-08-13,755090816.71,281186102.7147061,473904713.9952939,0.8949,0.0172,0.0899,estimate,snapshot:2026-09-15
bnb,2026-08-14,737616679.16,249346127.12810966,488270552.0318903,1.0447,0.0159,0.1426,estimate,snapshot:2026-09-15
bnb,2026-08-15,912152054.77,269508026.334788,642644028.4352119,0.9260,0.0134,0.1056,estimate,snapshot:2026-09-15
bnb,2026-08-16,966439458.4099998,331552241.8619097,634887216.5480902,0.9604,0.0124,0.1259,estimate,snapshot:2026-09-15
bnb,2026-08-17,994681473.01,360715661.5724468,633965811.4375532,0.9843,0.0111,0.0866,estimate,snapshot:2026-09-15
bnb,2026-08-18,909474696.6200001,318933461.26598597,590541235.3540142,0.9942,0.0144,0.0947,estimate,snapshot:2026-09-15
bnb,2026-08-19,1249669177.69,503576971.35222393,746092206.3377762,0.8767,0.0123,0.0870,estimate,snapshot:2026-09-15
bnb,2026-08-20,1364292866.05,617166558.7970523,747126307.2529477,0.8645,0.0117,0.0841,estimate,snapshot:2026-09-15
bnb,2026-08-21,1836805858.54,1054972354.141464,781833504.398536,0.8707,0.0093,0.0608,estimate,snapshot:2026-09-15
bnb,2026-08-22,1562366975.55,952067073.5617985,610299901.9882015,0.9470,0.0099,0.0693,estimate,snapshot:2026-09-15
bnb,2026-08-23,1159370230.4899998,682756846.1750696,476613384.3149302,0.9108,0.0137,0.0644,estimate,snapshot:2026-09-15
bnb,2026-08-24,1169522708.3,586689283.8346928,582833424.4653071,0.8571,0.0139,0.0975,estimate,snapshot:2026-09-15
bnb,2026-08-25,1036718617.65,514196817.39599645,522521800.2540035,0.9091,0.0273,0.1006,estimate,snapshot:2026-09-15
bnb,2026-08-26,1081626546,443616633.01606214,638009912.9839379,0.7819,0.0133,0.0929,estimate,snapshot:2026-09-15
bnb,2026-08-27,1042112106.51,439810157.7274863,602301948.7825136,0.8652,0.0137,0.1021,estimate,snapshot:2026-09-15
bnb,2026-08-28,1102859991.8100002,529055426.5035181,573804565.3064821,0.9683,0.0096,0.0922,estimate,snapshot:2026-09-15
bnb,2026-08-29,661102403.87,249968587.32995912,411133816.54004085,1.1283,0.0152,0.0810,estimate,snapshot:2026-09-15
bnb,2026-08-30,957979493.4500002,405290943.3839792,552688550.066021,1.0329,0.0103,0.1259,estimate,snapshot:2026-09-15
bnb,2026-08-31,1117128638.94,440790759.18546003,676337879.75454,0.9422,0.0094,0.0786,estimate,snapshot:2026-09-15
bnb,2026-09-01,1081689935.8700001,450622241.8644333,631067694.0055668,0.9160,0.0076,0.1160,estimate,snapshot:2026-09-15
bnb,2026-09-02,1142100115.6599998,524985214.68708587,617114900.972914,0.9860,0.0071,0.0863,estimate,snapshot:2026-09-15
bnb,2026-09-03,1346512347.88,616442396.5783929,730069951.3016073,0.9698,0.0084,0.0982,estimate,snapshot:2026-09-15
bnb,2026-09-04,1454822399.4899998,603217704.3893929,851604695.1006069,0.9593,0.0081,0.1206,estimate,snapshot:2026-09-15
bnb,2026-09-05,1598479061.96,826331771.8544703,772147290.1055298,0.9704,0.0086,0.0918,estimate,snapshot:2026-09-15
bnb,2026-09-06,1470368171.5300002,629214295.7309917,841153875.7990085,1.0265,0.0098,0.0753,estimate,snapshot:2026-09-15
bnb,2026-09-07,1331447908.8899999,562412542.1632082,769035366.7267916,1.0333,0.0101,0.0736,estimate,snapshot:2026-09-15
bnb,2026-09-08,2306844325.83,902135548.5008527,1404708777.3291473,0.9220,0.0047,0.0467,estimate,snapshot:2026-09-15
bnb,2026-09-09,2282942257.5,654749844.8261708,1628192412.673829,0.6783,0.0047,0.0822,estimate,snapshot:2026-09-15
bnb,2026-09-10,1232351198.1599998,496970934.40115505,735380263.7588449,1.0342,0.0094,0.0714,estimate,snapshot:2026-09-15
bnb,2026-09-11,1343136763.05,502541245.7888816,840595517.2611184,1.2069,0.0079,0.0513,estimate,snapshot:2026-09-15
bnb,2026-09-12,788762069.6399999,267370829.88212803,521391239.75787187,1.2695,0.0075,0.0820,estimate,snapshot:2026-09-15
bnb,2026-09-13,710707025.01,207386229.0787757,503320795.9312243,1.3733,0.0552,0.0765,estimate,snapshot:2026-09-15
bnb,2026-09-14,1106364843.43,299157239.72680193,807207603.7031982,1.6215,0.0981,0.0625,estimate,snapshot:2026-09-15
arbitrum,2026-07-16,150820008.48,137535261.81585702,13284746.664142966,0.9227,0.0000,0.0058,estimate,snapshot:2026-09-15
arbitrum,2026-07-17,158984596.76999995,134618387.69018403,24366209.079815924,0.8564,0.0000,0.0110,estimate,snapshot:2026-09-15
arbitrum,2026-07-18,55230295.87,44481816.59588521,10748479.274114788,0.8367,0.0000,0.0286,estimate,snapshot:2026-09-15
arbitrum,2026-07-19,75750617.70000002,65029200.88340947,10721416.816590548,0.8917,0.0000,0.0104,estimate,snapshot:2026-09-15
arbitrum,2026-07-20,629614292.5299999,147785414.8816994,481828877.6483004,0.2383,0.0000,0.0092,estimate,snapshot:2026-09-15
arbitrum,2026-07-21,125997739.18,107209300.75905594,18788438.420944065,0.8630,0.0000,0.0044,estimate,snapshot:2026-09-15
arbitrum,2026-07-22,136015436.02,119444813.28854027,16570622.731459737,0.8901,0.0000,0.0046,estimate,snapshot:2026-09-15
arbitrum,2026-07-23,124608896.51000004,105874517.40521415,18734379.10478589,0.8624,0.0000,0.0141,estimate,snapshot:2026-09-15
arbitrum,2026-07-24,116863199.23,97088207.9220781,19774991.3079219,0.8451,0.0000,0.0095,estimate,snapshot:2026-09-15
arbitrum,2026-07-25,42383007.199999996,32050055.20098158,10332951.999018416,0.7983,0.0000,0.0289,estimate,snapshot:2026-09-15
arbitrum,2026-07-26,94598566.14,77247663.19018029,17350902.949819714,0.8741,0.0000,0.0543,estimate,snapshot:2026-09-15
arbitrum,2026-07-27,171784956.37,152708894.16987354,19076062.20012647,0.9206,0.0000,0.0307,estimate,snapshot:2026-09-15
arbitrum,2026-07-28,156418984.77000004,136343276.10105538,20075708.668944657,0.8874,0.0000,0.0119,estimate,snapshot:2026-09-15
arbitrum,2026-07-29,192438136.25,170535897.87979245,21902238.37020755,0.9031,0.0000,0.0165,estimate,snapshot:2026-09-15
arbitrum,2026-07-30,137412409.44000003,112759532.00832161,24652877.431678414,0.8654,0.0000,0.0457,estimate,snapshot:2026-09-15
arbitrum,2026-07-31,135399404.57,113311201.67293401,22088202.897065982,0.8567,0.0000,0.0228,estimate,snapshot:2026-09-15
arbitrum,2026-08-01,59417130.62,46355788.17641109,13061342.443588905,0.8197,0.0000,0.0191,estimate,snapshot:2026-09-15
arbitrum,2026-08-02,83105960.25999999,65770283.1257444,17335677.134255588,0.8236,0.0000,0.0347,estimate,snapshot:2026-09-15
arbitrum,2026-08-03,125304880.81,98962461.7718094,26342419.038190603,0.8102,0.0000,0.0131,estimate,snapshot:2026-09-15
arbitrum,2026-08-04,114425774.01999997,102210769.71828814,12215004.301711828,0.9131,0.0000,0.0158,estimate,snapshot:2026-09-15
arbitrum,2026-08-05,121948009.21,106559348.9256067,15388660.284393296,0.8875,0.0000,0.0040,estimate,snapshot:2026-09-15
arbitrum,2026-08-06,368780103.05999994,78645997.33186455,290134105.7281354,0.2180,0.0000,0.0085,estimate,snapshot:2026-09-15
arbitrum,2026-08-07,106187608.39000002,88553571.11357607,17634037.276423946,0.8675,0.0000,0.0272,estimate,snapshot:2026-09-15
arbitrum,2026-08-08,39372990.839999996,27902306.334316965,11470684.505683031,0.7540,0.0000,0.0308,estimate,snapshot:2026-09-15
arbitrum,2026-08-09,60238302.74000001,42153293.94793904,18085008.79206097,0.7421,0.0000,0.0430,estimate,snapshot:2026-09-15
arbitrum,2026-08-10,104650635.60000001,87128821.60776486,17521813.992235154,0.8683,0.0000,0.0247,estimate,snapshot:2026-09-15
arbitrum,2026-08-11,87521345.52,69296089.11060226,18225256.409397736,0.8269,0.0000,0.0127,estimate,snapshot:2026-09-15
arbitrum,2026-08-12,100130743.83000001,82332049.92945324,17798693.900546774,0.8502,0.0000,0.0248,estimate,snapshot:2026-09-15
arbitrum,2026-08-13,93447805.39999999,74229386.74030374,19218418.65969625,0.8220,0.0000,0.0198,estimate,snapshot:2026-09-15
arbitrum,2026-08-14,78146205.77,61077921.25753153,17068284.512468465,0.8100,0.0000,0.0293,estimate,snapshot:2026-09-15
arbitrum,2026-08-15,42173095.67,29780517.69766236,12392577.97233764,0.7636,0.0000,0.0248,estimate,snapshot:2026-09-15
arbitrum,2026-08-16,37941350.47,30521049.24879911,7420301.221200887,0.8698,0.0000,0.0443,estimate,snapshot:2026-09-15
arbitrum,2026-08-17,89805545.24,78619356.21725306,11186189.022746935,0.9051,0.0000,0.0289,estimate,snapshot:2026-09-15
arbitrum,2026-08-18,56351982.260000005,54009097.43344296,2342884.8265570477,1.0533,0.0000,0.0181,estimate,snapshot:2026-09-15
arbitrum,2026-08-19,396455130.24,358500295.4950601,37954834.74493992,0.9130,0.0000,0.0046,estimate,snapshot:2026-09-15
arbitrum,2026-08-20,252220988.65999997,249547425.8088826,2673562.8511173725,1.1277,0.0000,0.0064,estimate,snapshot:2026-09-15
arbitrum,2026-08-21,539700130.55,486671470.00838804,53028660.54161191,0.9072,0.0000,0.0035,estimate,snapshot:2026-09-15
arbitrum,2026-08-22,366964902.76,333422048.36852866,33542854.391471326,0.9170,0.0000,0.0092,estimate,snapshot:2026-09-15
arbitrum,2026-08-23,272263198.3,244614249.47859418,27648948.821405828,0.9121,0.0000,0.0069,estimate,snapshot:2026-09-15
arbitrum,2026-08-24,303883533.05,261346800.9379115,42536732.1120885,0.8718,0.0000,0.0061,estimate,snapshot:2026-09-15
arbitrum,2026-08-25,246096230.42,199266819.6463225,46829410.7736775,0.8338,0.0000,0.0071,estimate,snapshot:2026-09-15
arbitrum,2026-08-26,162154795.56,137258729.21117216,24896066.34882784,0.8690,0.0000,0.0123,estimate,snapshot:2026-09-15
arbitrum,2026-08-27,258350869.29999995,227737962.41287866,30612906.88712129,0.8961,0.0000,0.0096,estimate,snapshot:2026-09-15
arbitrum,2026-08-28,215203435.99,185430639.3920302,29772796.5979698,0.8789,0.0000,0.0148,estimate,snapshot:2026-09-15
arbitrum,2026-08-29,83743934.41,65840522.035679,17903412.374321,0.8155,0.0000,0.0230,estimate,snapshot:2026-09-15
arbitrum,2026-08-30,172368507.75,148252689.1251123,24115818.624887705,0.8747,0.0000,0.0166,estimate,snapshot:2026-09-15
arbitrum,2026-08-31,212569209.93,171167855.75071785,41401354.17928216,0.8259,0.0000,0.0080,estimate,snapshot:2026-09-15
arbitrum,2026-09-01,210538165.64000002,170080027.81336626,40458137.82663375,0.8265,0.0000,0.0133,estimate,snapshot:2026-09-15
arbitrum,2026-09-02,115546231.89000002,113625641.86724755,1920590.0227524638,1.4437,0.0000,0.0165,estimate,snapshot:2026-09-15
arbitrum,2026-09-03,231828167.55999997,205596796.76641214,26231370.793587834,0.9054,0.0000,0.0178,estimate,snapshot:2026-09-15
arbitrum,2026-09-04,225444752.08,191651753.43266833,33792998.647331685,0.8832,0.0000,0.0338,estimate,snapshot:2026-09-15
arbitrum,2026-09-05,112626463.10000001,92830587.655592,19795875.444408014,0.8528,0.0000,0.0273,estimate,snapshot:2026-09-15
arbitrum,2026-09-06,185037292.52,153619310.734536,31417981.78546402,0.8512,0.0000,0.0150,estimate,snapshot:2026-09-15
arbitrum,2026-09-07,149003040.78,117845987.72393058,31157053.05606942,0.8125,0.0000,0.0211,estimate,snapshot:2026-09-15
arbitrum,2026-09-08,154117704.77,125306498.25760148,28811206.512398526,0.8362,0.0000,0.0173,estimate,snapshot:2026-09-15
arbitrum,2026-09-09,173801637.69,135378770.0154688,38422867.67453119,0.8110,0.0000,0.0185,estimate,snapshot:2026-09-15
arbitrum,2026-09-10,161382209.95,137885693.2502551,23496516.69974488,0.8768,0.0000,0.0124,estimate,snapshot:2026-09-15
arbitrum,2026-09-11,315884441.39,275569857.4071359,40314583.98286408,0.8809,0.0000,0.0089,estimate,snapshot:2026-09-15
arbitrum,2026-09-12,67519868.26,52788503.188842535,14731365.07115747,0.8046,0.0000,0.0171,estimate,snapshot:2026-09-15
arbitrum,2026-09-13,96308430.07000001,82219160.96960196,14089269.100398049,0.8830,0.0000,0.0164,estimate,snapshot:2026-09-15
arbitrum,2026-09-14,225340022.03,202933251.1413384,22406770.888661593,0.9159,0.0000,0.0113,estimate,snapshot:2026-09-15
hyperevm,2026-07-16,105306140.25999999,94924522.33848101,10381617.921518981,0.9022,0.0000,0.0018,estimate,snapshot:2026-09-15
hyperevm,2026-07-17,117093100.97999999,99530572.6656739,17562528.314326093,0.8510,0.0000,0.0021,estimate,snapshot:2026-09-15
hyperevm,2026-07-18,52315714.32,43436251.25806243,8879463.06193757,0.8308,0.0000,0.0031,estimate,snapshot:2026-09-15
hyperevm,2026-07-19,52061037.45,44083093.23912726,7977944.21087274,0.8470,0.0000,0.0010,estimate,snapshot:2026-09-15
hyperevm,2026-07-20,88106560.09,76504141.56472166,11602418.525278345,0.8693,0.0000,0.0019,estimate,snapshot:2026-09-15
hyperevm,2026-07-21,79721815.37,65668842.05941491,14052973.310585096,0.8246,0.0000,0.0021,estimate,snapshot:2026-09-15
hyperevm,2026-07-22,90610210.31,79323162.17860322,11287048.131396785,0.8759,0.0000,0.0014,estimate,snapshot:2026-09-15
hyperevm,2026-07-23,84798081.24,69846791.42733285,14951289.812667146,0.8247,0.0000,0.0018,estimate,snapshot:2026-09-15
hyperevm,2026-07-24,78405901,61766788.5324479,16639112.467552103,0.7886,0.0000,0.0017,estimate,snapshot:2026-09-15
hyperevm,2026-07-25,34388588.230000004,27546005.577191982,6842582.652808022,0.8020,0.0000,0.0015,estimate,snapshot:2026-09-15
hyperevm,2026-07-26,44826967.29,36108530.11863428,8718437.171365716,0.8066,0.0000,0.0016,estimate,snapshot:2026-09-15
hyperevm,2026-07-27,82696069.80999999,73267345.48171104,9428724.328288943,0.8870,0.0000,0.0018,estimate,snapshot:2026-09-15
hyperevm,2026-07-28,67417673.44000001,55678864.80067119,11738808.639328822,0.8277,0.0000,0.0027,estimate,snapshot:2026-09-15
hyperevm,2026-07-29,143589850.92000002,70127661.62764585,73462189.29235417,0.4894,0.0000,0.0028,estimate,snapshot:2026-09-15
hyperevm,2026-07-30,67956281.46000001,60154684.36725523,7801597.092744775,0.8865,0.0000,0.0012,estimate,snapshot:2026-09-15
hyperevm,2026-07-31,93753836.52000001,83851940.04846328,9901896.471536726,0.8952,0.0000,0.0034,estimate,snapshot:2026-09-15
hyperevm,2026-08-01,50169923.28,42038587.52943614,8131335.75056386,0.8389,0.0000,0.0027,estimate,snapshot:2026-09-15
hyperevm,2026-08-02,55632008.910000004,48976576.61042623,6655432.299573772,0.8812,0.0000,0.0014,estimate,snapshot:2026-09-15
hyperevm,2026-08-03,75863247.91000001,68343986.38342941,7519261.526570603,0.9019,0.0000,0.0017,estimate,snapshot:2026-09-15
hyperevm,2026-08-04,84944163.33,68881117.32247816,16063046.007521838,0.8114,0.0000,0.0014,estimate,snapshot:2026-09-15
hyperevm,2026-08-05,91228534.01,80752168.85682929,10476365.15317072,0.8864,0.0000,0.0020,estimate,snapshot:2026-09-15
hyperevm,2026-08-06,67974398.22,58194156.18576284,9780242.034237161,0.8584,0.0000,0.0018,estimate,snapshot:2026-09-15
hyperevm,2026-08-07,76711253.42,67776922.9372576,8934330.482742399,0.8847,0.0000,0.0014,estimate,snapshot:2026-09-15
hyperevm,2026-08-08,26983379.650000002,22827147.78042484,4156231.8695751615,0.8494,0.0000,0.0021,estimate,snapshot:2026-09-15
hyperevm,2026-08-09,34453215.89,29138025.05817522,5315190.8318247795,0.8477,0.0000,0.0012,estimate,snapshot:2026-09-15
hyperevm,2026-08-10,69750332.16,61757007.60998228,7993324.5500177145,0.8866,0.0000,0.0012,estimate,snapshot:2026-09-15
hyperevm,2026-08-11,53453502.3,44613504.12997331,8839998.17002669,0.8372,0.0000,0.0035,estimate,snapshot:2026-09-15
hyperevm,2026-08-12,66478995.01,57257036.90798127,9221958.102018729,0.8656,0.0000,0.0035,estimate,snapshot:2026-09-15
hyperevm,2026-08-13,71673484.33,60721588.4994502,10951895.830549799,0.8563,0.0000,0.0038,estimate,snapshot:2026-09-15
hyperevm,2026-08-14,47975859.440000005,41545614.92315795,6430244.516842052,0.8731,0.0000,0.0023,estimate,snapshot:2026-09-15
hyperevm,2026-08-15,36910396.31,30047303.944114655,6863092.365885347,0.8177,0.0000,0.0020,estimate,snapshot:2026-09-15
hyperevm,2026-08-16,36540292.559999995,31064175.900995508,5476116.659004487,0.8507,0.0000,0.0088,estimate,snapshot:2026-09-15
hyperevm,2026-08-17,62016486.04,51020784.43593729,10995701.604062706,0.8277,0.0000,0.0046,estimate,snapshot:2026-09-15
hyperevm,2026-08-18,81362764.59,67516422.5532735,13846342.036726505,0.8328,0.0000,0.0037,estimate,snapshot:2026-09-15
hyperevm,2026-08-19,233548645.45000002,205348878.8381998,28199766.611800224,0.8822,0.0000,0.0034,estimate,snapshot:2026-09-15
hyperevm,2026-08-20,261658984.11,226551230.9235985,35107753.186401516,0.8674,0.0000,0.0016,estimate,snapshot:2026-09-15
hyperevm,2026-08-21,360573897.9,321615747.9332218,38958149.96677816,0.8942,0.0000,0.0011,estimate,snapshot:2026-09-15
hyperevm,2026-08-22,340958655.5,305318969.8851214,35639685.614878595,0.8980,0.0000,0.0010,estimate,snapshot:2026-09-15
hyperevm,2026-08-23,257586845.18,200670978.89805055,56915866.28194946,0.7827,0.0000,0.0019,estimate,snapshot:2026-09-15
hyperevm,2026-08-24,269219976.45,216980555.02071604,52239421.42928395,0.8147,0.0000,0.0044,estimate,snapshot:2026-09-15
hyperevm,2026-08-25,269407699.13,226332312.34945408,43075386.78054592,0.8454,0.0000,0.0016,estimate,snapshot:2026-09-15
hyperevm,2026-08-26,219066552.18,175761387.1850312,43305164.9949688,0.8118,0.0000,0.0017,estimate,snapshot:2026-09-15
hyperevm,2026-08-27,204119606.18,159165057.52393457,44954548.656065434,0.7915,0.0000,0.0019,estimate,snapshot:2026-09-15
hyperevm,2026-08-28,204105184.18,167656022.46418536,36449161.71581465,0.8251,0.0000,0.0022,estimate,snapshot:2026-09-15
hyperevm,2026-08-29,83438425.37,60988281.07164151,22450144.298358493,0.7350,0.0000,0.0038,estimate,snapshot:2026-09-15
hyperevm,2026-08-30,96520664.42999999,70627624.0837363,25893040.34626369,0.7361,0.0000,0.0038,estimate,snapshot:2026-09-15
hyperevm,2026-08-31,185481613.79,137322748.32056457,48158865.46943542,0.7432,0.0000,0.0018,estimate,snapshot:2026-09-15
hyperevm,2026-09-01,164139570.57,128617599.41229255,35521971.15770744,0.7872,0.0000,0.0036,estimate,snapshot:2026-09-15
hyperevm,2026-09-02,144197004.34,117660765.80508628,26536238.53491372,0.8238,0.0000,0.0040,estimate,snapshot:2026-09-15
hyperevm,2026-09-03,166081958.14000002,146632381.98485485,19449576.15514517,0.8872,0.0000,0.0029,estimate,snapshot:2026-09-15
hyperevm,2026-09-04,153095737.67000002,136045528.99012128,17050208.67987874,0.8944,0.0000,0.0017,estimate,snapshot:2026-09-15
hyperevm,2026-09-05,130003685.65,81569538.97112294,48434146.67887707,0.6326,0.0000,0.0092,estimate,snapshot:2026-09-15
hyperevm,2026-09-06,129879908.75,109729147.2642923,20150761.4857077,0.8507,0.0000,0.0023,estimate,snapshot:2026-09-15
hyperevm,2026-09-07,96247012.03,80496888.87527463,15750123.154725373,0.8434,0.0000,0.0029,estimate,snapshot:2026-09-15
hyperevm,2026-09-08,98171165.81,82143811.00849749,16027354.80150251,0.8433,0.0000,0.0035,estimate,snapshot:2026-09-15
hyperevm,2026-09-09,154510491.2,126721001.64273149,27789489.5572685,0.8571,0.0000,0.0027,estimate,snapshot:2026-09-15
hyperevm,2026-09-10,130720872.15999998,114475084.11284147,16245788.04715851,0.8972,0.0000,0.0029,estimate,snapshot:2026-09-15
hyperevm,2026-09-11,147978409.6,131170619.91157648,16807789.688423514,0.8977,0.0000,0.0033,estimate,snapshot:2026-09-15
hyperevm,2026-09-12,50249943,40537936.54645711,9712006.453542888,0.8240,0.0000,0.0032,estimate,snapshot:2026-09-15
hyperevm,2026-09-13,58758268.70999999,49115173.09101877,9643095.61898122,0.8539,0.0000,0.0028,estimate,snapshot:2026-09-15
hyperevm,2026-09-14,122041286.19,108508547.43211009,13532738.757889912,0.9005,0.0000,0.0021,estimate,snapshot:2026-09-15
robinhood,2026-07-16,609734903.14,271374794.8341937,338360108.3058063,0.4597,0.0000,0.2854,estimate,snapshot:2026-09-15
robinhood,2026-07-17,568408072.13,260838018.19026896,307570053.939731,0.4762,0.0000,0.2538,estimate,snapshot:2026-09-15
robinhood,2026-07-18,535884597.15,101653325.91027668,434231271.2397233,0.2008,0.0000,0.1826,estimate,snapshot:2026-09-15
robinhood,2026-07-19,480360385.55,100935037.67826624,379425347.8717338,0.2258,0.0000,0.1647,estimate,snapshot:2026-09-15
robinhood,2026-07-20,562551843.8399999,158974856.35649928,403576987.4835006,0.3008,0.0000,0.0759,estimate,snapshot:2026-09-15
robinhood,2026-07-21,639594424.7599999,138364298.65803948,501230126.1019604,0.2372,0.0000,0.0808,estimate,snapshot:2026-09-15
robinhood,2026-07-22,731903672.9399999,157962170.31714347,573941502.6228565,0.2460,0.0000,0.0635,estimate,snapshot:2026-09-15
robinhood,2026-07-23,680492010.37,202728824.8813563,477763185.4886437,0.3385,0.0000,0.0630,estimate,snapshot:2026-09-15
robinhood,2026-07-24,562528620.15,160117848.31118968,402410771.8388103,0.3668,0.0000,0.0369,estimate,snapshot:2026-09-15
robinhood,2026-07-25,338075357.86,71614702.5825931,266460655.27740693,0.2642,0.0000,0.0377,estimate,snapshot:2026-09-15
robinhood,2026-07-26,419061292.55,95573590.93862289,323487701.6113771,0.2597,0.0000,0.0624,estimate,snapshot:2026-09-15
robinhood,2026-07-27,625120501,195532084.97357455,429588416.0264255,0.3546,0.0000,0.0414,estimate,snapshot:2026-09-15
robinhood,2026-07-28,495559349.94,142623382.02251953,352935967.91748047,0.3951,0.0000,0.0548,estimate,snapshot:2026-09-15
robinhood,2026-07-29,591476746.29,215437472.89095584,376039273.39904416,0.4958,0.0000,0.0920,estimate,snapshot:2026-09-15
robinhood,2026-07-30,440985944.01,154737761.69481638,286248182.31518364,0.4238,0.0000,0.0508,estimate,snapshot:2026-09-15
robinhood,2026-07-31,361589499.89000005,130438426.7175713,231151073.17242873,0.4203,0.0000,0.0288,estimate,snapshot:2026-09-15
robinhood,2026-08-01,240799616.82000002,64268568.91724447,176531047.90275556,0.3243,0.0000,0.0286,estimate,snapshot:2026-09-15
robinhood,2026-08-02,253961481.16,69660983.14095369,184300498.0190463,0.3167,0.0000,0.0295,estimate,snapshot:2026-09-15
robinhood,2026-08-03,352947018.37,126785874.49090208,226161143.87909794,0.4156,0.0000,0.0799,estimate,snapshot:2026-09-15
robinhood,2026-08-04,322367261.56,133830286.43325882,188536975.12674117,0.4792,0.0000,0.0886,estimate,snapshot:2026-09-15
robinhood,2026-08-05,520439388.32,172870533.0315173,347568855.28848267,0.3800,0.0000,0.1622,estimate,snapshot:2026-09-15
robinhood,2026-08-06,582714544.1200001,233865107.89682898,348849436.2231711,0.4492,0.0000,0.3312,estimate,snapshot:2026-09-15
robinhood,2026-08-07,406779143.71999997,128608612.17336226,278170531.5466377,0.3675,0.0000,0.0940,estimate,snapshot:2026-09-15
robinhood,2026-08-08,298259001.37,54507853.25073852,243751148.1192615,0.2263,0.0000,0.1645,estimate,snapshot:2026-09-15
robinhood,2026-08-09,467798692.24,123458214.23456584,344340478.00543416,0.2921,0.0000,0.1121,estimate,snapshot:2026-09-15
robinhood,2026-08-10,638055614.2,222933511.3403749,415122102.85962516,0.3946,0.0000,0.0543,estimate,snapshot:2026-09-15
robinhood,2026-08-11,481468806.59999996,157577514.35769695,323891292.242303,0.3861,0.0000,0.0599,estimate,snapshot:2026-09-15
robinhood,2026-08-12,507016125.03000003,176841139.6011865,330174985.4288135,0.4018,0.0000,0.0677,estimate,snapshot:2026-09-15
robinhood,2026-08-13,452807662.48999995,133838188.61479819,318969473.87520176,0.3660,0.0000,0.0666,estimate,snapshot:2026-09-15
robinhood,2026-08-14,477964228.34999996,132980828.59822968,344983399.75177026,0.3344,0.0000,0.0889,estimate,snapshot:2026-09-15
robinhood,2026-08-15,306287204.9199999,55440161.936910614,250847042.98308927,0.2362,0.0000,0.1400,estimate,snapshot:2026-09-15
robinhood,2026-08-16,302983239.84,72410535.72985494,230572704.11014503,0.2960,0.0000,0.1195,estimate,snapshot:2026-09-15
robinhood,2026-08-17,433159170.86999995,155286057.7527175,277873113.11728245,0.4159,0.0000,0.0849,estimate,snapshot:2026-09-15
robinhood,2026-08-18,403163564.91,121273344.78504714,281890220.1249529,0.4114,0.0000,0.0645,estimate,snapshot:2026-09-15
robinhood,2026-08-19,509204034.25,210371635.9842147,298832398.26578534,0.4867,0.0000,0.0801,estimate,snapshot:2026-09-15
robinhood,2026-08-20,480589874.63000005,180199302.8900907,300390571.73990935,0.4377,0.0000,0.1005,estimate,snapshot:2026-09-15
robinhood,2026-08-21,643655807.72,282459537.0056775,361196270.7143225,0.4869,0.0000,0.0762,estimate,snapshot:2026-09-15
robinhood,2026-08-22,493803394.00000006,174599352.42554608,319204041.57445395,0.3928,0.0000,0.1294,estimate,snapshot:2026-09-15
robinhood,2026-08-23,494885640.46999997,178820716.85423222,316064923.6157677,0.4394,0.0000,0.1112,estimate,snapshot:2026-09-15
robinhood,2026-08-24,643851525.1700001,264103561.8076487,379747963.3623514,0.5183,0.0000,0.1633,estimate,snapshot:2026-09-15
robinhood,2026-08-25,721491731.14,275157406.4119017,446334324.7280983,0.4881,0.0000,0.1577,estimate,snapshot:2026-09-15
robinhood,2026-08-26,824333478.37,293034443.087344,531299035.282656,0.4753,0.0000,0.1249,estimate,snapshot:2026-09-15
robinhood,2026-08-27,848740333.0599998,294984043.8657036,553756289.1942962,0.4661,0.0000,0.1059,estimate,snapshot:2026-09-15
robinhood,2026-08-28,920862628.2800001,342753407.72310984,578109220.5568902,0.4863,0.0000,0.0993,estimate,snapshot:2026-09-15
robinhood,2026-08-29,1033398062.89,275869688.5521176,757528374.3378824,0.3617,0.0000,0.0688,estimate,snapshot:2026-09-15
robinhood,2026-08-30,1401646865.33,532213691.69710916,869433173.6328907,0.4880,0.0000,0.0483,estimate,snapshot:2026-09-15
robinhood,2026-08-31,1486709453.02,665324209.8633747,821385243.1566253,0.6129,0.0000,0.0457,estimate,snapshot:2026-09-15
robinhood,2026-09-01,1666018678.9499998,978113995.1665014,687904683.7834984,0.7510,0.0000,0.0447,estimate,snapshot:2026-09-15
robinhood,2026-09-02,1550109328.19,1189012152.4439044,361097175.74609566,0.9521,0.0000,0.0479,estimate,snapshot:2026-09-15
robinhood,2026-09-03,1683517971.8500001,1204064439.2099664,479453532.6400337,0.8879,0.0000,0.0317,estimate,snapshot:2026-09-15
robinhood,2026-09-04,1888393744.6899998,1367306171.6075883,521087573.0824115,1.1435,0.0000,0.0228,estimate,snapshot:2026-09-15
robinhood,2026-09-05,1612293306.98,1001107812.0463812,611185494.9336188,0.8123,0.0000,0.0256,estimate,snapshot:2026-09-15
robinhood,2026-09-06,1509506639.49,1168428169.0581393,341078470.4318607,0.9536,0.0000,0.0225,estimate,snapshot:2026-09-15
robinhood,2026-09-07,1511682023.4,891916911.1224217,619765112.2775784,0.7182,0.0000,0.0177,estimate,snapshot:2026-09-15
robinhood,2026-09-08,2060964197.4600003,927274045.1894693,1133690152.270531,0.5656,0.0000,0.0205,estimate,snapshot:2026-09-15
robinhood,2026-09-09,1889602229.06,927833615.8746383,961768613.1853616,0.6148,0.0000,0.0252,estimate,snapshot:2026-09-15
robinhood,2026-09-10,1866336558.1499999,891332962.5288438,975003595.6211561,0.6085,0.0000,0.0174,estimate,snapshot:2026-09-15
robinhood,2026-09-11,2716894943.5000005,1160896727.5039082,1555998215.9960923,0.5668,0.0000,0.0172,estimate,snapshot:2026-09-15
robinhood,2026-09-12,1504003154.51,607351806.9818681,896651347.5281318,0.5885,0.0000,0.0237,estimate,snapshot:2026-09-15
robinhood,2026-09-13,1516200073.53,590737288.9047636,925462784.6252364,0.5045,0.0028,0.0206,estimate,snapshot:2026-09-15
robinhood,2026-09-14,2004075714.7499998,1031287382.4349444,972788332.3150554,0.6987,0.0041,0.0201,estimate,snapshot:2026-09-15